<?xml version="1.0" encoding="UTF-8"?>
<beans:beans xmlns="http://www.springframework.org/schema/mvc"
	xmlns:xsi="http://www.w3.org/2001/XMLSchema-instance"
	xmlns:beans="http://www.springframework.org/schema/beans"
	xmlns:context="http://www.springframework.org/schema/context"
	xsi:schemaLocation="http://www.springframework.org/schema/mvc http://www.springframework.org/schema/mvc/spring-mvc.xsd
		http://www.springframework.org/schema/beans http://www.springframework.org/schema/beans/spring-beans.xsd
		http://www.springframework.org/schema/context http://www.springframework.org/schema/context/spring-context.xsd">

	<!-- DispatcherServlet Context: defines this servlet's request-processing infrastructure -->
	
	<!-- Enables the Spring MVC @Controller programming model -->
	<annotation-driven />

	<!-- Handles HTTP GET requests for /resources/** by efficiently serving up static resources in the ${webappRoot}/resources directory -->
	<resources mapping="/resources/**" location="/resources/" />

	<!-- Resolves views selected for rendering by @Controllers to .jsp resources in the /WEB-INF/views directory -->
	<beans:bean class="org.springframework.web.servlet.view.InternalResourceViewResolver">
		<beans:property name="prefix" value="/WEB-INF/views/" />
		<beans:property name="suffix" value=".jsp" />
	</beans:bean>
	
	<context:component-scan base-package="fit.xdpm.nhom3" />
	
<beans:bean id="ds" class="org.springframework.jdbc.datasource.DriverManagerDataSource">
	<beans:property name="driverClassName" value="com.microsoft.sqlserver.jdbc.SQLServerDriver"></beans:property>
	<beans:property name="url" value="jdbc:sqlserver://localhost:1433"></beans:property>
	<beans:property name="username" value="sa"></beans:property>
	<beans:property name="password" value="sapassword"></beans:property>
</beans:bean>

<beans:bean id="jt" class="org.springframework.jdbc.core.JdbcTemplate">
	<beans:property name="dataSource" ref="ds"></beans:property>
</beans:bean>

<beans:bean id="dao" class="dao.BangDiaDAO">
	<beans:property name="template" ref="jt"></beans:property>
</beans:bean>

</beans:beans>
